{
    "train": {
        "train-loss": [
            [
                51.81494903564453,
                55.255332946777344,
                52.81165313720703
            ],
            [
                47.660240173339844,
                51.39452362060547,
                48.80532455444336
            ],
            [
                44.3122673034668,
                48.25481414794922,
                45.814697265625
            ],
            [
                41.81321334838867,
                45.76738357543945,
                43.503543853759766
            ],
            [
                39.885093688964844,
                43.81489944458008,
                41.716819763183594
            ],
            [
                38.37786865234375,
                42.25473403930664,
                40.354759216308594
            ],
            [
                37.200279235839844,
                41.01570129394531,
                39.20424270629883
            ],
            [
                36.2985954284668,
                40.041107177734375,
                38.28883361816406
            ],
            [
                35.62067413330078,
                39.28942108154297,
                37.52940368652344
            ],
            [
                35.1702880859375,
                38.73850631713867,
                37.000736236572266
            ],
            [
                34.8690185546875,
                38.35731506347656,
                36.621620178222656
            ],
            [
                34.651634216308594,
                38.10321044921875,
                36.359901428222656
            ],
            [
                34.482704162597656,
                37.92693328857422,
                36.17479705810547
            ]
        ]
    },
    "validation": {
        "valid-clean-acc": [
            0.8086,
            0.8244,
            0.8304,
            0.8354,
            0.8326,
            0.8338,
            0.8368,
            0.8376,
            0.8352,
            0.835,
            0.832,
            0.8322,
            0.8314
        ],
        "valid-strat-acc": [
            0.8086,
            0.8244,
            0.8304,
            0.8354,
            0.8326,
            0.8338,
            0.8368,
            0.8376,
            0.8352,
            0.835,
            0.832,
            0.8328,
            0.8316
        ]
    },
    "test": {
        "data stats": {
            "size": 5000,
            "pos:neg": "2500:2500 (0.5)"
        },
        "model details": {
            "mixture_probs": 1.0,
            "weights": [
                0.2593822777271271,
                -0.3699236214160919,
                -0.05871421843767166,
                -0.7064726948738098,
                0.21636074781417847,
                -0.9033022522926331,
                0.19069842994213104,
                -0.4980073571205139,
                -0.0429193340241909,
                -0.07361719012260437,
                0.2711450159549713,
                -0.8715986609458923,
                -0.010171491652727127,
                -0.9024150967597961,
                0.18403220176696777,
                -0.47825857996940613,
                -0.08140624314546585,
                -0.37210002541542053,
                0.038147177547216415,
                0.16381457448005676,
                0.275840163230896,
                -0.8943814635276794,
                -0.2444382607936859,
                -0.511812686920166,
                -0.16144737601280212,
                0.40297627449035645,
                -0.11900242418050766,
                -0.7016409039497375,
                0.16131556034088135,
                0.22311367094516754,
                -0.33034569025039673,
                0.2670803666114807,
                -0.8714410662651062,
                0.6325777173042297,
                0.5151951313018799,
                -0.48781248927116394,
                -0.029527977108955383,
                0.3211026191711426,
                0.42386317253112793,
                0.17580720782279968,
                0.861439049243927,
                0.0700712725520134,
                0.14789338409900665,
                0.6589548587799072,
                -0.9499871730804443,
                0.1402573436498642,
                0.2380988448858261,
                -0.465411901473999,
                -0.3332385718822479,
                0.21216416358947754,
                -0.20580290257930756,
                -0.12789033353328705,
                -0.3298994302749634,
                -0.13036784529685974,
                0.07365395128726959,
                -0.37655559182167053,
                0.45550134778022766,
                -0.23394016921520233,
                -0.2868805229663849,
                -0.047711681574583054,
                -0.21946533024311066,
                0.03433237597346306,
                -0.28624510765075684,
                -0.3626963496208191,
                0.08189716190099716,
                -0.9135144948959351,
                0.48276132345199585,
                -0.17432759702205658,
                -0.37150049209594727,
                0.37637534737586975,
                -0.44927144050598145,
                -0.21858924627304077,
                -0.13667511940002441,
                -0.3069808781147003,
                -0.4492766559123993,
                -0.649885892868042,
                -0.03918691352009773,
                -0.20975926518440247,
                0.3537101745605469,
                0.31680357456207275,
                -0.8381178975105286,
                0.40541812777519226,
                0.2371966391801834,
                0.9773192405700684,
                -0.007222223561257124,
                0.26119256019592285,
                1.3581411838531494,
                -0.15545153617858887,
                0.5812588334083557,
                0.2933541238307953,
                1.7522380352020264,
                0.46783655881881714,
                -0.16189461946487427,
                0.33741897344589233,
                0.235835999250412,
                0.6751840710639954,
                0.19775357842445374,
                -0.02315184846520424,
                -0.6069201231002808,
                0.46001604199409485
            ]
        },
        "accuracy": {
            "clean_accuracy": 0.8314,
            "strategic_accuracy": 0.8316,
            "clean_confusion": {
                "TP": 2179,
                "FP": 522,
                "FN": 321,
                "TN": 1978
            },
            "strategic_confusion": {
                "TP": 2180,
                "FP": 522,
                "FN": 320,
                "TN": 1978
            },
            "positive_gaming": 1,
            "negative_gaming": 0
        }
    }
}