{
    "train": {
        "train-loss": [
            [
                8.966434478759766,
                9.105575561523438,
                8.900120735168457
            ],
            [
                8.798482894897461,
                8.948295593261719,
                8.735954284667969
            ],
            [
                8.628732681274414,
                8.787717819213867,
                8.567096710205078
            ],
            [
                8.452693939208984,
                8.617820739746094,
                8.391655921936035
            ],
            [
                8.266084671020508,
                8.435334205627441,
                8.205833435058594
            ],
            [
                8.064994812011719,
                8.235074996948242,
                8.005157470703125
            ]
        ]
    },
    "validation": {
        "valid-clean-acc": [
            0.5,
            0.5,
            0.5,
            0.5,
            0.5,
            0.5
        ],
        "valid-strat-acc": [
            0.5,
            0.5,
            0.5,
            0.5,
            0.5,
            0.5
        ]
    },
    "test": {
        "data stats": {
            "size": 5000,
            "pos:neg": "2500:2500 (0.5)"
        },
        "model details": {
            "mixture_probs": 1.0,
            "weights": [
                -0.2589307725429535,
                0.7150952816009521,
                -0.17347654700279236,
                -0.41353854537010193,
                -0.2583867609500885,
                -0.6011351943016052,
                -0.43551871180534363,
                -0.18905168771743774,
                0.683330237865448
            ]
        },
        "accuracy": {
            "clean_accuracy": 0.5,
            "strategic_accuracy": 0.5,
            "clean_confusion": {
                "TP": 2500,
                "FP": 2500,
                "FN": 0,
                "TN": 0
            },
            "strategic_confusion": {
                "TP": 2500,
                "FP": 2500,
                "FN": 0,
                "TN": 0
            },
            "positive_gaming": 0,
            "negative_gaming": 0
        }
    }
}